{"val_loss": [1.5562912934621176, 1.1576166432698567, 1.003609516620636, 0.92337140639623, 0.8726623423894246, 0.8354706757863363, 0.8156682745615641, 0.79264928038915, 0.7734679619471232, 0.7601280301411947, 0.7494725553194682, 0.7432266834576925, 0.7322575216293334, 0.7290011688868204, 0.7258109566370646, 0.7199435596466064, 0.7159774335225423, 0.7173670288721721, 0.7134611368179321, 0.7128942085901896, 0.7123332595825196, 0.7101050710678101, 0.7109178789456685, 0.7146970154444376, 0.7145323317845662, 0.7170032469431559, 0.7158336030642192, 0.7166899727185567, 0.7190181506474813, 0.7231714029312134], "loss": [2.2800586716334026, 1.4686502653757731, 1.202968734105428, 1.07067027425766, 0.9830037074089051, 0.9092960066795349, 0.8613543030420939, 0.8204065416653951, 0.7834547877311706, 0.7492987631162008, 0.721476091225942, 0.697212140083313, 0.6684580504099528, 0.6461879453659057, 0.628689287185669, 0.608031429608663, 0.5943069812456767, 0.575010815302531, 0.5564930782318115, 0.5404564148585002, 0.5226537893613179, 0.5129688417116801, 0.4952875930468241, 0.4827891535758972, 0.4719048080444336, 0.4567661142349243, 0.4432814548810323, 0.42681235885620117, 0.4223209098180135, 0.40343312692642214], "val_acc": [0.5759999976158142, 0.6705000012715657, 0.7149999971389771, 0.7328333311080932, 0.742166661898295, 0.7591666668256124, 0.7630000020662944, 0.7708333371480306, 0.7763333371480305, 0.7815000038146973, 0.782333332379659, 0.7861666666666667, 0.7883333333333333, 0.7870000017484029, 0.7930000015894572, 0.7934999980926514, 0.7935000054041544, 0.7956666711171468, 0.7978333368301391, 0.795833332379659, 0.7973333331743876, 0.7991666692097982, 0.7991666692097982, 0.7994999996821086, 0.7994999961853028, 0.7976666692097982, 0.7998333339691162, 0.7990000025431315, 0.7998333341280619, 0.7998333320617675], "acc": [0.39620833317438764, 0.6010000011126201, 0.667875, 0.6965000006357829, 0.7242500001589457, 0.7394583339691162, 0.7540416673024496, 0.7629583349227905, 0.7734583334922791, 0.7851250007947286, 0.7922916669845581, 0.7962500007947286, 0.8027083339691162, 0.8120833350817362, 0.8174999996821085, 0.8211666673024496, 0.824916665871938, 0.8321250009536744, 0.8371666666666666, 0.8439166677792868, 0.8458333336512248, 0.8507083342870077, 0.8537916682561238, 0.8580833339691162, 0.8611249998410543, 0.8647083322207133, 0.8677083344459534, 0.8745416674613953, 0.8734583338101705, 0.8817083334922791]}