{"acc": [0.39629166762034096, 0.6011666668256124, 0.6677083333333333, 0.6960833342870076, 0.7238750012715658, 0.7397083339691162, 0.7539166661898296, 0.7631250006357829, 0.7733750003178914, 0.7853333341280619, 0.792333334128062, 0.7963750009536743, 0.8020833330154419, 0.8121666674613952, 0.8170833331743876, 0.8211250015894572, 0.8253750001589457, 0.832916667620341, 0.8371250003178914, 0.8432500012715658, 0.8459166660308838, 0.8499583328564961, 0.8539166680971781, 0.8576250007947286, 0.8615000001589457, 0.8646666663487752, 0.867958332379659, 0.8750833341280619, 0.8730833330154419, 0.8823333336512248], "val_acc": [0.5756666642824809, 0.6698333309491475, 0.7146666682561239, 0.7324999977747599, 0.7425000015894572, 0.7606666695276896, 0.7634999984105428, 0.7703333307902018, 0.7761666677792867, 0.7824999982515971, 0.7823333360354106, 0.7848333279291789, 0.7886666666666666, 0.7868333314259847, 0.7931666682561238, 0.7941666638056437, 0.7946666638056438, 0.7948333377838135, 0.7983333349227906, 0.7960000034968058, 0.7976666692097982, 0.7993333376248678, 0.8005000006357829, 0.8005000023841858, 0.7990000034968058, 0.7986666692097982, 0.7995000006357829, 0.7998333358764649, 0.8001666701634725, 0.8000000014305114], "loss": [2.279971676508586, 1.4687758649190268, 1.2030863056182861, 1.0709337507883707, 0.9832451860109965, 0.9094149939219157, 0.8613720970153809, 0.8205082972844442, 0.7838066511154175, 0.7493474578857422, 0.7216696705818176, 0.697259128411611, 0.6684451818466186, 0.6463471325238546, 0.6288129739761352, 0.6081531041463216, 0.5942579143842062, 0.5749939729372661, 0.5566176910400391, 0.540430644830068, 0.5225543562571208, 0.5130634712378184, 0.49524567222595217, 0.483004691918691, 0.47160074027379356, 0.4566525348027547, 0.4430915196736654, 0.42675995810826617, 0.42227401065826414, 0.4034608653386434], "val_loss": [1.5565966520309449, 1.1578928343454997, 1.003334880510966, 0.9235133342742919, 0.8729958650271098, 0.8354472540219625, 0.8155349437395731, 0.7925775020917256, 0.7734303639729818, 0.7599871884981791, 0.7493124856948853, 0.7431399590174357, 0.7321570870081584, 0.7288570373853047, 0.7255377008120218, 0.7198480583826701, 0.7158225598335266, 0.7172410766283671, 0.7136077432632446, 0.7129625476201376, 0.7122761756579081, 0.7101986172993978, 0.7112408409118652, 0.7148172629674275, 0.7144728134473165, 0.7169258993466695, 0.7155427613258362, 0.7167182815869649, 0.7186077148119608, 0.7230838928222656]}