{"acc": [0.3964999998410543, 0.6010416679382324, 0.6674166669845581, 0.6963333350817362, 0.723958333492279, 0.7400416669845581, 0.7545416685740153, 0.7630416673024495, 0.7735416679382324, 0.785041667620341, 0.7927083346048991, 0.7957083342870076, 0.8030416680971781, 0.8122083339691162, 0.8169583330154419, 0.8204583349227905, 0.8251250001589457, 0.8324166666666667, 0.8375000012715658, 0.843625, 0.8459583328564961, 0.8495416673024495, 0.8531666669845581, 0.85800000111262, 0.861833334128062, 0.8642499995231628, 0.867625, 0.874791667620341, 0.8733333341280619, 0.8820000003178914], "val_loss": [1.556485001564026, 1.1571666056315104, 1.0031388680140176, 0.9231854530970256, 0.8727529211044311, 0.8355572628974914, 0.8155667001406351, 0.7927154088020325, 0.7734258723258972, 0.760130158106486, 0.7493601330121358, 0.7431538214683533, 0.7320980448722839, 0.728901909828186, 0.7254708132743836, 0.7198533147176107, 0.7160873293876648, 0.7169213824272156, 0.713075709660848, 0.7124438616434733, 0.7117185835838318, 0.7098304346402486, 0.7109079300562541, 0.7144088327089946, 0.7141595821380615, 0.7172113539377848, 0.7155867188771565, 0.7165669697125753, 0.7187443941434224, 0.7231310199101766], "val_acc": [0.5758333309491476, 0.6699999966621399, 0.7151666692097982, 0.7326666680971782, 0.7431666682561239, 0.7596666704813639, 0.7629999984105428, 0.771000002861023, 0.7765000028610229, 0.7819999992052714, 0.7816666657129924, 0.7851666649182637, 0.7886666703224182, 0.7871666684150695, 0.7928333349227905, 0.7930000017484029, 0.7936666674613952, 0.7960000007947285, 0.7981666692097982, 0.7951666657129923, 0.7980000025431315, 0.7986666692097982, 0.8005000033378601, 0.8000000033378601, 0.7995000034968058, 0.7976666692097982, 0.8000000006357829, 0.7998333358764649, 0.8001666674613953, 0.7996666690508525], "loss": [2.280042178471883, 1.4683846174875894, 1.2027294359207152, 1.0708117736180622, 0.9830183267593384, 0.9093982105255127, 0.8612534284591675, 0.8204232870737712, 0.7835055395762126, 0.7494236569404602, 0.721626814365387, 0.6971922639211019, 0.6686233340899149, 0.6461102940241495, 0.628791097164154, 0.6081153891881307, 0.5944359463055928, 0.5750173044204712, 0.5565381803512573, 0.5404377787907918, 0.5225672076543172, 0.5130925744374593, 0.49522091245651245, 0.4828756702740987, 0.47136160572369895, 0.45654130236307777, 0.44307829562822976, 0.4266094973882039, 0.42234913460413614, 0.40341292452812194]}