{"val_loss": [1.5564312381744385, 1.1574992548624674, 1.003648605187734, 0.9235721066792806, 0.8729753322601318, 0.8356864417394002, 0.8156560192108154, 0.7925448590914408, 0.7734120998382569, 0.7602439956665039, 0.7494315034548441, 0.7431403675079346, 0.7322206195195516, 0.7290685586929321, 0.7255747661590576, 0.7199235370953878, 0.71595099623998, 0.7174300319353739, 0.7134100329081218, 0.7124878527323405, 0.7119393769900004, 0.7098225971857707, 0.7109910566012064, 0.7145980547269185, 0.7144044971466065, 0.7171250979105631, 0.7154472190539042, 0.7164830408096313, 0.7190753078460693, 0.7229590441385905], "loss": [2.2803212429682413, 1.4685657873153686, 1.2029100643793742, 1.0709346359570822, 0.9832038491566976, 0.909473931312561, 0.8614254261652629, 0.8204091679255168, 0.7836563038825989, 0.7495111373265584, 0.7217561976114909, 0.6970673460960388, 0.668403295358022, 0.6461963930130005, 0.6289560440381368, 0.607961187839508, 0.5943313198089599, 0.5750169024467469, 0.5566658457120259, 0.5405751142501831, 0.523018140633901, 0.5131759723822276, 0.49519040012359616, 0.4829433759053548, 0.4716812631289164, 0.4565957533518473, 0.4431465805371602, 0.4265752657254537, 0.4222847912311554, 0.4031260600090027], "acc": [0.396416667620341, 0.6009583346048991, 0.6677499990463257, 0.6956666684150696, 0.7240416668256124, 0.7392500003178915, 0.7542083338101705, 0.763541666984558, 0.7734166666666666, 0.7845000007947286, 0.7923333331743876, 0.7961249996821086, 0.8030833325386048, 0.812291668732961, 0.8169999985694886, 0.8205833349227906, 0.8250000012715658, 0.8326666674613953, 0.8375416679382324, 0.8435416657129924, 0.8454166657129923, 0.8506250014305115, 0.8540000012715657, 0.8579583333333334, 0.8615416668256124, 0.8647499996821085, 0.867958333492279, 0.8751666684150696, 0.8735416665077209, 0.8816250003178915], "val_acc": [0.5758333309491476, 0.6699999976158142, 0.7143333368301391, 0.7324999977747599, 0.7431666682561239, 0.7598333334922791, 0.7633333353996277, 0.771166665871938, 0.7770000038146972, 0.7823333334922791, 0.7828333360354106, 0.7851666658719381, 0.7891666666666667, 0.7873333295186361, 0.7925000015894572, 0.793499997138977, 0.7941666647593181, 0.7958333341280619, 0.7975000034968058, 0.795333332379659, 0.7984999998410542, 0.7986666682561239, 0.7996666673024495, 0.7998333339691162, 0.7991666692097982, 0.7975000025431315, 0.7990000025431315, 0.7998333358764649, 0.7998333368301391, 0.7990000023841858]}