{"acc": [0.39612500111262006, 0.6012916666666667, 0.6675416668256123, 0.6962916684150696, 0.724083333492279, 0.7400416671435038, 0.7535416685740153, 0.7632083338101705, 0.7733750012715658, 0.7843749996821086, 0.792125, 0.7965416674613952, 0.8031250004768371, 0.8117499998410542, 0.8169999996821086, 0.8213750004768372, 0.825125, 0.832541667620341, 0.8373333344459534, 0.8430416657129923, 0.8461666673024495, 0.8502500006357829, 0.8533750004768371, 0.8578750006357829, 0.8620000007947286, 0.8642499998410543, 0.8677916658719381, 0.8747500006357829, 0.8735833331743876, 0.8822083336512248], "loss": [2.279934456825256, 1.4685247329076132, 1.203027153968811, 1.071005041440328, 0.98311612256368, 0.9096347249348958, 0.8613427049318949, 0.8204254190127055, 0.7836251222292582, 0.7493774205843607, 0.7217082069714864, 0.6972004639307657, 0.6686975138982137, 0.6462920163472493, 0.6288139306704204, 0.6082421232859294, 0.594507776260376, 0.5752050374348958, 0.5566208813985188, 0.5405199093818664, 0.5227551043828328, 0.5133553238709768, 0.49524610169728595, 0.4827147873242696, 0.4717494880358378, 0.4568227661450704, 0.4433172500928243, 0.42670106347401937, 0.42266740441322326, 0.4033027199904124], "val_loss": [1.5562206128438314, 1.1577121858596802, 1.0035700330734252, 0.9234887563387553, 0.8730213146209717, 0.8357351020177205, 0.8156091720263163, 0.792762970606486, 0.7734792213439942, 0.7601266123453776, 0.749336285273234, 0.7431641186078389, 0.7322600413958231, 0.7291260345776875, 0.7256699980099995, 0.7199293524424235, 0.7160641676584879, 0.7173933278719584, 0.7136520169576009, 0.7128956123987834, 0.7122894690831503, 0.7099199072519938, 0.7110463177363078, 0.7146699846585591, 0.714512142499288, 0.7168954861958822, 0.7154099054336548, 0.7165191475550333, 0.7184923726717631, 0.7228183067639669], "val_acc": [0.5758333309491476, 0.6698333309491475, 0.7145000034968059, 0.7318333347638448, 0.7428333349227906, 0.7603333361943563, 0.7634999984105428, 0.7708333371480306, 0.776833333492279, 0.7821666704813639, 0.7831666657129923, 0.7846666685740153, 0.7891666703224182, 0.7875000007947286, 0.7928333349227905, 0.7938333341280619, 0.7941666638056437, 0.7953333377838134, 0.7981666692097982, 0.796333334128062, 0.7980000025431315, 0.7990000042915344, 0.8001666700045268, 0.8001666690508524, 0.7986666692097982, 0.7980000025431315, 0.7988333339691163, 0.8000000015894572, 0.8006666701634725, 0.7983333357175191]}