{"val_acc": [0.575833334604899, 0.6698333336512248, 0.7148333368301392, 0.7323333347638448, 0.7421666646003723, 0.7601666695276896, 0.7628333326975505, 0.7714999992052715, 0.7765000001589457, 0.7821666668256124, 0.7828333360354106, 0.7854999972979227, 0.7888333333333334, 0.7876666674613952, 0.7925000015894572, 0.7943333304723104, 0.7938333304723104, 0.7955000044504802, 0.7970000034968058, 0.7961666711171468, 0.7980000025431315, 0.7986666719118755, 0.8000000033378601, 0.8000000023841858, 0.7990000015894572, 0.7986666692097982, 0.7995000015894572, 0.7988333349227905, 0.8005000034968058, 0.7996666690508525], "acc": [0.3966250009536743, 0.6013333336512248, 0.6678749990463256, 0.696750001748403, 0.7238750012715658, 0.7397500004768371, 0.7539583330154419, 0.7626250015894572, 0.7732500001589457, 0.7849166663487752, 0.7921250003178915, 0.796083335240682, 0.8027083336512247, 0.8112916674613952, 0.8169999998410543, 0.820666667620341, 0.8245416657129924, 0.8331250009536744, 0.8372500003178914, 0.8435, 0.8460833349227905, 0.8498750007947286, 0.8537500014305115, 0.8576666663487752, 0.861375, 0.8641666663487753, 0.8677500001589458, 0.8750416673024496, 0.8732916665077209, 0.8815000003178914], "val_loss": [1.5559976329803467, 1.1575801150004068, 1.0034600300788878, 0.923334705988566, 0.8728462913831075, 0.8356978732744853, 0.8157678793271382, 0.7928475491205851, 0.7735078803698222, 0.760092359383901, 0.7494744544029236, 0.7430648161570231, 0.7322051501274109, 0.7288781428337097, 0.7254877271652221, 0.7197246584892273, 0.7158956430753072, 0.7172601606051127, 0.713290826479594, 0.7124368046124776, 0.7119725799560547, 0.709661314646403, 0.7104523822466532, 0.7144718170166016, 0.714309382279714, 0.7171258125305175, 0.7152365910212198, 0.7164811900456747, 0.7184487840334575, 0.7227623608907063], "loss": [2.2798725401560467, 1.4684872770309447, 1.2028610378901163, 1.0707568181355793, 0.9831326429049174, 0.9094866722424825, 0.8614047050476075, 0.8205610669453939, 0.7836533390680949, 0.749513727982839, 0.7218866028785705, 0.6972479036649069, 0.6687743250528971, 0.6464054934183756, 0.628818233648936, 0.6082537287076314, 0.5946573761304219, 0.5751614085833232, 0.5567916501363118, 0.5407046254475911, 0.5227434027989706, 0.513223472515742, 0.4949669682184855, 0.48304048760732016, 0.47155050388971964, 0.45686978960037233, 0.4431778869628906, 0.42670933802922567, 0.4223014717896779, 0.4035511514345805]}