{"val_loss": [1.556075774828593, 1.1576441831588744, 1.0033865458170572, 0.9235265041987101, 0.87281565284729, 0.8355941068331401, 0.8156026654243469, 0.7927570781707763, 0.773323650042216, 0.7598958512941997, 0.7491944494247437, 0.7430401277542115, 0.7321612412134806, 0.7288366322517394, 0.7255603551864624, 0.720010179678599, 0.7159761273066203, 0.7172570842107137, 0.7137432893117269, 0.7127691006660462, 0.7122181278864542, 0.7098982369105021, 0.7106866415341695, 0.7144395774205525, 0.7144368302027384, 0.7171083730061849, 0.7154793977737427, 0.7168495465914408, 0.7191745082537333, 0.7230425559679667], "acc": [0.39620833428700764, 0.6009166666666667, 0.6681666668256124, 0.6965833342870077, 0.7237916668256124, 0.7394166660308837, 0.7533750019073486, 0.763541666984558, 0.7733750014305115, 0.7851666677792867, 0.7923333334922791, 0.7962916673024495, 0.8023333328564962, 0.8114999995231629, 0.8177083330154419, 0.8212499993642172, 0.82462500111262, 0.8327500019073486, 0.837083333492279, 0.843375, 0.8457916671435038, 0.8502083338101705, 0.85325, 0.8581249993642172, 0.8619583331743876, 0.8649583339691163, 0.8681666663487753, 0.8748333333333334, 0.8734583320617676, 0.8817916669845581], "val_acc": [0.5759999976158142, 0.6706666633288065, 0.7148333368301392, 0.7328333338101705, 0.7425000015894572, 0.760000002861023, 0.7629999984105428, 0.7708333298365275, 0.7770000001589458, 0.7829999992052714, 0.782833332379659, 0.7853333306312561, 0.7885000036557516, 0.787833332379659, 0.7925000015894572, 0.7945000007947286, 0.7940000044504801, 0.7953333350817362, 0.7976666692097982, 0.7964999998410542, 0.7976666701634725, 0.7990000006357829, 0.8000000015894572, 0.8001666700045268, 0.7991666701634725, 0.7983333358764648, 0.7986666673024495, 0.7993333358764648, 0.7998333368301391, 0.7994999996821086], "loss": [2.2797930583953856, 1.468541589419047, 1.2030308357874553, 1.0709015550613403, 0.9830060187975566, 0.9093804995218913, 0.8613250366846721, 0.820393884976705, 0.783690106232961, 0.7495636636416118, 0.7215198529561361, 0.6972232995033264, 0.6685457382202148, 0.6464357884724935, 0.6288323663075766, 0.6081899091402689, 0.594605060895284, 0.5750344041188558, 0.5566099187533061, 0.5404707366625467, 0.5228338499069214, 0.5131876889069875, 0.4952144290606181, 0.4829973827997843, 0.4717622143427531, 0.4566994508107503, 0.4431170800526937, 0.4267809870243072, 0.4225187493165334, 0.4035591553052266]}