{"loss": [2.2801286872227986, 1.4687580941518148, 1.2030090614954632, 1.0708569507598877, 0.9831189282735189, 0.9094179258346557, 0.8612655048370361, 0.8205180486043294, 0.7837132070859273, 0.7494842007954915, 0.721530763467153, 0.6971728916168213, 0.6684852606455485, 0.6461131097475687, 0.6287541513442994, 0.6079846267700195, 0.5942224408785503, 0.5750347960789999, 0.5564361564318339, 0.5403078068097432, 0.5228282238642374, 0.5131525351206462, 0.49505627234776817, 0.4828419737815857, 0.47165036662419635, 0.4565464653968811, 0.4433414113521576, 0.4266811912059784, 0.42235779094696047, 0.40353985826174416], "val_acc": [0.5760000012715658, 0.6698333336512248, 0.7148333368301392, 0.7333333311080933, 0.7431666673024495, 0.7600000038146972, 0.7629999984105428, 0.770833333492279, 0.7758333344459534, 0.7820000001589458, 0.7828333360354106, 0.7855000009536743, 0.7891666666666667, 0.7876666674613952, 0.792833331267039, 0.7940000007947285, 0.7941666638056437, 0.7956666674613952, 0.7973333358764648, 0.7951666674613953, 0.7974999998410542, 0.7991666700045268, 0.8001666700045268, 0.8003333357175191, 0.7983333304723104, 0.7985000025431315, 0.7995000006357829, 0.7996666692097982, 0.8005000034968058, 0.7996666680971781], "acc": [0.39629166762034096, 0.6015833344459534, 0.6675000001589457, 0.6960833349227905, 0.7235416668256124, 0.7397083338101705, 0.7539583330154419, 0.763541666984558, 0.7731666669845582, 0.7847916674613953, 0.7920416669845581, 0.7960416671435038, 0.8027500012715657, 0.811666667620341, 0.817541666507721, 0.8217916671435038, 0.825083333492279, 0.8326666669845582, 0.8377083331743876, 0.8430000003178915, 0.8455000003178914, 0.8499583328564961, 0.8537500012715658, 0.8578749998410543, 0.8616666666666667, 0.8639583331743876, 0.8678750001589457, 0.8755000009536743, 0.8727083330154419, 0.8817500003178914], "val_loss": [1.5565563093821209, 1.1578806444803873, 1.0035851097106934, 0.9235770707130432, 0.8727747478485107, 0.8356658032735189, 0.8155933860143025, 0.7926696724891663, 0.7734278229077657, 0.7599572690327963, 0.7493222007751464, 0.7431689120928446, 0.7323048184712728, 0.7291296218236287, 0.7258014726638794, 0.7200228778521219, 0.7161416813532512, 0.7172994333902994, 0.7137494688034057, 0.7129153911272684, 0.7121863832473755, 0.7100156106948853, 0.7110465329488118, 0.7150895067850749, 0.7144907743136089, 0.7171728925704957, 0.7154372224807739, 0.7170747474034628, 0.7188572311401367, 0.723244295279185]}