{"loss": [2.279990596135457, 1.4685011542638142, 1.2029782390594483, 1.070947352409363, 0.983272781531016, 0.9097733699480692, 0.8615477043787638, 0.8204798075358073, 0.7836839865048726, 0.7494119138717651, 0.7218559722900391, 0.6973409646352132, 0.6684735452334086, 0.6463178485234579, 0.6289845565160116, 0.6083093563715617, 0.5945630246798197, 0.5748874181111654, 0.5567469304402669, 0.5406249963442484, 0.522763070901235, 0.5130363442103067, 0.4952303576469421, 0.4830005127588908, 0.47171443136533103, 0.45656894556681316, 0.443245881319046, 0.4266303821404775, 0.42250801595052084, 0.40367335645357766], "val_acc": [0.5763333309491475, 0.6694999976158142, 0.7148333368301392, 0.7318333311080932, 0.742833331267039, 0.7595000001589457, 0.7624999993642171, 0.7711666695276896, 0.7765000011126201, 0.782000002861023, 0.7818333360354106, 0.7850000009536743, 0.7881666666666667, 0.7871666684150695, 0.7930000015894572, 0.7935000044504802, 0.7935000044504802, 0.795333334128062, 0.7980000034968058, 0.7959999980926513, 0.7975000025431315, 0.7993333366711934, 0.8010000042915344, 0.8005000033378601, 0.7994999961853028, 0.7988333358764649, 0.7988333339691163, 0.7995000025431315, 0.7996666701634725, 0.8001666680971782], "acc": [0.396541667620341, 0.6011666669845581, 0.6679166668256123, 0.6960000015894572, 0.7237500001589457, 0.7394583338101705, 0.7540833339691162, 0.7638333338101705, 0.7731250003178914, 0.784666667620341, 0.7928750009536744, 0.7957499996821086, 0.8026666650772095, 0.8115833341280619, 0.8170416668256124, 0.8204999996821085, 0.824708333492279, 0.8329583344459534, 0.8376666679382324, 0.8430833333333333, 0.8457083326975504, 0.8497916684150696, 0.8533749992052714, 0.8582499998410543, 0.8617083333333333, 0.8648749995231628, 0.8675000001589457, 0.8752499996821086, 0.8733749996821085, 0.8812500003178915], "val_loss": [1.5559823169708251, 1.157584995587667, 1.0035271266301473, 0.9235552994410197, 0.8729197278022766, 0.8354718011220296, 0.8155577646891276, 0.792730242729187, 0.7734242935180664, 0.7601195438702901, 0.7493716769218445, 0.7430634552637736, 0.7321938832600912, 0.7288824718793233, 0.7256117486953735, 0.719905213991801, 0.7159850932757059, 0.7173235192298889, 0.7135247999827067, 0.7127101858456929, 0.7121555698712667, 0.7101028054555257, 0.7111782477696736, 0.714670421441396, 0.7143592398961385, 0.7173844381968181, 0.7156708297729493, 0.7166586440404256, 0.7192307852109273, 0.7228315649032593]}