{"loss": [2.2795181201299033, 1.4681349328358968, 1.2028895842234293, 1.0708436091740927, 0.9832964215278626, 0.9096663242975871, 0.8613026949564616, 0.8203298217455546, 0.7837099162737529, 0.749441929658254, 0.7215968823432922, 0.6971033369700114, 0.6684105718930562, 0.6462089637120565, 0.628798334121704, 0.6080768602689107, 0.594472113609314, 0.575138658841451, 0.5565494527816772, 0.5404016308784485, 0.5228622708320617, 0.5130109078089397, 0.49485153182347613, 0.4829260835647583, 0.4717682158946991, 0.4567578099568685, 0.4433435620466868, 0.4264505060513814, 0.4223708389600118, 0.4032219161192576], "val_loss": [1.555444501876831, 1.1576044187545775, 1.0035791017214457, 0.9234527918497721, 0.872894213517507, 0.8355240480105082, 0.8153673933347066, 0.7925799336433411, 0.7733649077415466, 0.760000155766805, 0.7492089414596558, 0.7428419351577759, 0.7320814879735311, 0.728889704545339, 0.725545197168986, 0.7197453217506409, 0.7159064242045085, 0.7169893849690755, 0.7133064099947611, 0.7126142102877299, 0.7117494287490844, 0.7097502619425455, 0.7108404157956442, 0.7144581961631775, 0.7140537157058716, 0.7167755093574524, 0.7151846985816955, 0.7164514961242676, 0.7186067701975505, 0.7229854815800985], "val_acc": [0.5763333346048991, 0.6691666679382324, 0.7151666692097982, 0.7326666680971782, 0.7438333303133646, 0.7596666668256123, 0.762833336353302, 0.771000002861023, 0.7763333361943563, 0.7821666695276897, 0.782333332379659, 0.7846666658719381, 0.7883333369890849, 0.7879999998410543, 0.7928333349227905, 0.7941666638056437, 0.7948333377838135, 0.7965000034968058, 0.7985000034968058, 0.7965000034968058, 0.7986666682561239, 0.7991666673024496, 0.8000000015894572, 0.8003333366711934, 0.7990000025431315, 0.7991666692097982, 0.7986666646003723, 0.8008333349227905, 0.8001666701634725, 0.7993333320617676], "acc": [0.3966250009536743, 0.6012500011126201, 0.6677499998410543, 0.6961666684150696, 0.7240416668256124, 0.7398333338101705, 0.7543333328564962, 0.7631250006357829, 0.7737916666666667, 0.7847083342870077, 0.7924583344459534, 0.7964583339691163, 0.8034166669845582, 0.8115833342870077, 0.8171666663487752, 0.8211666685740153, 0.8246666671435038, 0.832666667620341, 0.83787500111262, 0.8430416666666667, 0.8459166669845581, 0.8503750019073486, 0.8537500012715658, 0.857833334128062, 0.8612916668256124, 0.8641249993642172, 0.8677083333333333, 0.8755833331743876, 0.8735416665077209, 0.8825416666666667]}